{
  "timestamp": "2024-01-06T16:27:25.376804",
  "sealevels": [
    0.004031891891891895,
    0.00800756756756757,
    0.011183513513513516,
    0.013254444444444447,
    0.017289189189189192,
    0.014911621621621624,
    0.018523783783783786,
    0.021772702702702703,
    0.027346216216216218,
    0.031483333333333335,
    0.03485108108108108,
    0.036810810810810814,
    0.0416045945945946,
    0.04295694444444445,
    0.04366351351351352,
    0.04584277777777778,
    0.0509472972972973,
    0.052250810810810816,
    0.05159675675675676,
    0.062485405405405404,
    0.06490648648648649,
    0.06856083333333333,
    0.0795472972972973,
    0.08171324324324325,
    0.08285891891891892,
    0.08708486486486486,
    0.09407027027027026,
    0.09510666666666667,
    0.09942513513513514,
    0.1019454054054054,
    0.103037
  ],
  "last_sealevel": 0.103037,
  "years": [
    "1993",
    "1994",
    "1995",
    "1996",
    "1997",
    "1998",
    "1999",
    "2000",
    "2001",
    "2002",
    "2003",
    "2004",
    "2005",
    "2006",
    "2007",
    "2008",
    "2009",
    "2010",
    "2011",
    "2012",
    "2013",
    "2014",
    "2015",
    "2016",
    "2017",
    "2018",
    "2019",
    "2020",
    "2021",
    "2022",
    "2023"
  ],
  "forecast_years": [
    "2024",
    "2025",
    "2026",
    "2027",
    "2028",
    "2029",
    "2030",
    "2031",
    "2032",
    "2033",
    "2034",
    "2035",
    "2036",
    "2037",
    "2038",
    "2039",
    "2040",
    "2041",
    "2042",
    "2043",
    "2044",
    "2045",
    "2046",
    "2047",
    "2048",
    "2049",
    "2050",
    "2051",
    "2052",
    "2053",
    "2054",
    "2055",
    "2056",
    "2057",
    "2058",
    "2059",
    "2060",
    "2061",
    "2062",
    "2063",
    "2064",
    "2065",
    "2066",
    "2067",
    "2068",
    "2069",
    "2070",
    "2071",
    "2072",
    "2073",
    "2074",
    "2075",
    "2076",
    "2077",
    "2078",
    "2079",
    "2080",
    "2081",
    "2082",
    "2083",
    "2084",
    "2085",
    "2086",
    "2087",
    "2088",
    "2089",
    "2090",
    "2091",
    "2092",
    "2093",
    "2094",
    "2095",
    "2096",
    "2097",
    "2098",
    "2099",
    "2100"
  ],
  "best_case": 0.42,
  "worst_case": 0.8
}